New York,NY
Los Angeles,CA
Chicago,IL
Houston,TX
Phoenix,AZ
Philadelphia,PA
San Antonio,TX
San Diego,CA
Dallas,TX
San Jose,CA
Austin,TX
Jacksonville,FL
Fort Worth,TX
Columbus,OH
Indianapolis,IN
Charlotte,NC
San Francisco,CA
Seattle,WA
Denver,CO
Washington,DC
Nashville,TN
Oklahoma City,OK
El Paso,TX
Boston,MA
Portland,OR
Las Vegas,NV
Detroit,MI
Memphis,TN
Louisville,KY
Baltimore,MD
Milwaukee,WI
Albuquerque,NM
Tucson,AZ
Fresno,CA
Sacramento,CA
Kansas City,MO
Mesa,AZ
Atlanta,GA
Omaha,NE
Colorado Springs,CO
Raleigh,NC
Long Beach,CA
Virginia Beach,VA
Miami,FL
Oakland,CA
Minneapolis,MN
Tulsa,OK
Bakersfield,CA
Wichita,KS
Arlington,TX
Aurora,CO
Tampa,FL
New Orleans,LA
Cleveland,OH
Honolulu,HI
Anaheim,CA
Lexington,KY
Stockton,CA
Corpus Christi,TX
Henderson,NV
Riverside,CA
Newark,NJ
Saint Paul,MN
Santa Ana,CA
Cincinnati,OH
Irvine,CA
Orlando,FL
Pittsburgh,PA
St. Louis,MO
Greensboro,NC
Jersey City,NJ
Anchorage,AK
Lincoln,NE
Plano,TX
Durham,NC
Buffalo,NY
Chandler,AZ
Chula Vista,CA
Toledo,OH
Madison,WI
Gilbert,AZ
Reno,NV
Fort Wayne,IN
North Las Vegas,NV
St. Petersburg,FL
Lubbock,TX
Irving,TX
Laredo,TX
Winstonâ€“Salem,NC
Chesapeake,VA
Glendale,AZ
Garland,TX
Scottsdale,AZ
Norfolk,VA
Boise,ID
Fremont,CA
Spokane,WA
Santa Clarita,CA
Baton Rouge,LA
Richmond,VA
Hialeah,FL
San Bernardino,CA
Tacoma,WA
Modesto,CA
Huntsville,AL
Des Moines,IA
Yonkers,NY
Rochester,NY
Moreno Valley,CA
Fayetteville,NC
Fontana,CA
Columbus,GA
Worcester,MA
Port St. Lucie,FL
Little Rock,AR
Augusta,GA
Oxnard,CA
Birmingham,AL
Montgomery,AL
Frisco,TX
Amarillo,TX
Salt Lake City,UT
Grand Rapids,MI
Huntington Beach,CA
Overland Park,KS
Glendale,CA
Tallahassee,FL
Grand Prairie,TX
McKinney,TX
Cape Coral,FL
Sioux Falls,SD
Peoria,AZ
Providence,RI
Vancouver,WA
Knoxville,TN
Akron,OH
Shreveport,LA
Mobile,AL
Brownsville,TX
Newport News,VA
Fort Lauderdale,FL
Chattanooga,TN
Tempe,AZ
Aurora,IL
Santa Rosa,CA
Eugene,OR
Elk Grove,CA
Salem,OR
Ontario,CA
Cary,NC
Rancho Cucamonga,CA
Oceanside,CA
Lancaster,CA
Garden Grove,CA
Pembroke Pines,FL
Fort Collins,CO
Palmdale,CA
Springfield,MO
Clarksville,TN
Salinas,CA
Hayward,CA
Paterson,NJ
Alexandria,VA
Macon,GA
Corona,CA
Kansas City,KS
Lakewood,CO
Springfield,MA
Sunnyvale,CA
Jackson,MS
Killeen,TX
Hollywood,FL
Murfreesboro,TN
Pasadena,TX
Bellevue,WA
Pomona,CA
Escondido,CA
Joliet,IL
Charleston,SC
Mesquite,TX
Naperville,IL
Rockford,IL
Bridgeport,CT
Syracuse,NY
Savannah,GA
Roseville,CA
Torrance,CA
Fullerton,CA
Surprise,AZ
McAllen,TX
Thornton,CO
Visalia,CA
Olathe,KS
Gainesville,FL
West Valley City,UT
Orange,CA
Denton,TX
Warren,MI
Pasadena,CA
Waco,TX
Cedar Rapids,IA
Dayton,OH
Elizabeth,NJ
Hampton,VA
Columbia,SC
Kent,WA
Stamford,CT
Lakewood,NJ
Victorville,CA
Miramar,FL
Coral Springs,FL
Sterling Heights,MI
New Haven,CT
Carrollton,TX
Midland,TX
Norman,OK
Santa Clara,CA
Athens,GA
Thousand Oaks,CA
Topeka,KS
Simi Valley,CA
Columbia,MO
Vallejo,CA
Fargo,ND
Allentown,PA
Pearland,TX
Concord,CA
Abilene,TX
Arvada,CO
Berkeley,CA
Ann Arbor,MI
Independence,MO
Rochester,MN
Lafayette,LA
Hartford,CT
College Station,TX
Clovis,CA
Fairfield,CA
Palm Bay,FL
Richardson,TX
Round Rock,TX
Cambridge,MA
Meridian,ID
West Palm Beach,FL
Evansville,IN
Clearwater,FL
Billings,MT
West Jordan,UT
Richmond,CA
Westminster,CO
Manchester,NH
Lowell,MA
Wilmington,NC
Antioch,CA
Beaumont,TX
Provo,UT
North Charleston,SC
Elgin,IL
Carlsbad,CA
Odessa,TX
Waterbury,CT
Springfield,IL
League City,TX
Downey,CA
Gresham,OR
High Point,NC
Broken Arrow,OK
Peoria,IL
Lansing,MI
Lakeland,FL
Pompano Beach,FL
Costa Mesa,CA
Pueblo,CO
Lewisville,TX
Miami Gardens,FL
Las Cruces,NM
Sugar Land,TX
Murrieta,CA
Ventura,CA
Everett,WA
Temecula,CA
Dearborn,MI
Santa Maria,CA
West Covina,CA
El Monte,CA
Greeley,CO
Sparks,NV
Centennial,CO
Boulder,CO
Sandy Springs,GA
Inglewood,CA
Edison,NJ
South Fulton,GA
Green Bay,WI
Burbank,CA
Renton,WA
Hillsboro,OR
El Cajon,CA
Tyler,TX
Davie,FL
San Mateo,CA
Brockton,MA
Concord,NC
Jurupa Valley,CA
Daly City,CA
Allen,TX
Rio Rancho,NM
Rialto,CA
Woodbridge,NJ
South Bend,IN
Spokane Valley,WA
Norwalk,CA
Menifee,CA
Vacaville,CA
Wichita Falls,TX
Davenport,IA
Quincy,MA
Chico,CA
Lynn,MA
Lee's Summit,MO
New Bedford,MA
Federal Way,WA
Clinton,MI
Edinburg,TX
Nampa,ID
Roanoke,VA
